{
  "best_threshold": 0.747474730014801,
  "target_fnr": 0.05,
  "metrics": {
    "accuracy": 0.56,
    "acceptance_rate": 0.9100000262260437,
    "fnr": 0.05660377358490566,
    "tnr": 0.1276595744680851,
    "tpr": 0.9433962264150944,
    "fpr": 0.8723404255319149,
    "ece": 0.20845240116119385,
    "brier": 0.3055630922317505,
    "tp": 50,
    "fp": 41,
    "tn": 6,
    "fn": 3,
    "precision": 0.5494505494505495,
    "recall": 0.9433962264150944,
    "f1_score": 0.6944444444444444,
    "correct": 56,
    "total": 100
  }
}