{
  "best_threshold": 0.7171717286109924,
  "target_fnr": 0.05,
  "metrics": {
    "accuracy": 0.49,
    "acceptance_rate": 0.9700000286102295,
    "fnr": 0.020833333333333332,
    "tnr": 0.038461538461538464,
    "tpr": 0.9791666666666666,
    "fpr": 0.9615384615384616,
    "ece": 0.27889587879180905,
    "brier": 0.329529345035553,
    "tp": 47,
    "fp": 50,
    "tn": 2,
    "fn": 1,
    "precision": 0.4845360824742268,
    "recall": 0.9791666666666666,
    "f1_score": 0.6482758620689655,
    "correct": 49,
    "total": 100
  }
}