{
  "best_threshold": 0.5656565427780151,
  "target_fnr": 0.05,
  "metrics": {
    "accuracy": 0.46,
    "acceptance_rate": 0.9800000190734863,
    "fnr": 0.041666666666666664,
    "tnr": 0.0,
    "tpr": 0.9583333333333334,
    "fpr": 1.0,
    "ece": 0.1564681872725487,
    "brier": 0.26914042234420776,
    "tp": 46,
    "fp": 52,
    "tn": 0,
    "fn": 2,
    "precision": 0.46938775510204084,
    "recall": 0.9583333333333334,
    "f1_score": 0.6301369863013699,
    "correct": 46,
    "total": 100
  }
}