{
  "best_threshold": 0.3737373650074005,
  "target_fnr": 0.05,
  "metrics": {
    "accuracy": 0.42,
    "acceptance_rate": 0.9800000190734863,
    "fnr": 0.045454545454545456,
    "tnr": 0.0,
    "tpr": 0.9545454545454546,
    "fpr": 1.0,
    "ece": 0.009468641877174378,
    "brier": 0.24635469913482666,
    "tp": 42,
    "fp": 56,
    "tn": 0,
    "fn": 2,
    "precision": 0.42857142857142855,
    "recall": 0.9545454545454546,
    "f1_score": 0.5915492957746478,
    "correct": 42,
    "total": 100
  }
}