{
  "best_threshold": 0.2626262605190277,
  "target_fnr": 0.05,
  "metrics": {
    "accuracy": 0.62,
    "acceptance_rate": 0.8799999952316284,
    "fnr": 0.037037037037037035,
    "tnr": 0.21739130434782608,
    "tpr": 0.9629629629629629,
    "fpr": 0.782608695652174,
    "ece": 0.32988082319498063,
    "brier": 0.3087066411972046,
    "tp": 52,
    "fp": 36,
    "tn": 10,
    "fn": 2,
    "precision": 0.5909090909090909,
    "recall": 0.9629629629629629,
    "f1_score": 0.732394366197183,
    "correct": 62,
    "total": 100
  }
}