{
  "best_threshold": 0.20202019810676575,
  "target_fnr": 0.05,
  "metrics": {
    "accuracy": 0.59,
    "acceptance_rate": 0.9700000286102295,
    "fnr": 0.017241379310344827,
    "tnr": 0.047619047619047616,
    "tpr": 0.9827586206896551,
    "fpr": 0.9523809523809523,
    "ece": 0.35106056615710257,
    "brier": 0.3601545989513397,
    "tp": 57,
    "fp": 40,
    "tn": 2,
    "fn": 1,
    "precision": 0.5876288659793815,
    "recall": 0.9827586206896551,
    "f1_score": 0.7354838709677419,
    "correct": 59,
    "total": 100
  }
}