{
  "best_threshold": 0.3636363744735718,
  "target_fnr": 0.05,
  "metrics": {
    "accuracy": 0.46,
    "acceptance_rate": 0.949999988079071,
    "fnr": 0.023255813953488372,
    "tnr": 0.07017543859649122,
    "tpr": 0.9767441860465116,
    "fpr": 0.9298245614035088,
    "ece": 0.13645911663770677,
    "brier": 0.2479621320962906,
    "tp": 42,
    "fp": 53,
    "tn": 4,
    "fn": 1,
    "precision": 0.4421052631578947,
    "recall": 0.9767441860465116,
    "f1_score": 0.608695652173913,
    "correct": 46,
    "total": 100
  }
}