{
  "best_threshold": 0.747474730014801,
  "target_fnr": 0.05,
  "metrics": {
    "accuracy": 0.54,
    "acceptance_rate": 0.9100000262260437,
    "fnr": 0.07547169811320754,
    "tnr": 0.10638297872340426,
    "tpr": 0.9245283018867925,
    "fpr": 0.8936170212765957,
    "ece": 0.22718726634979247,
    "brier": 0.30327731370925903,
    "tp": 49,
    "fp": 42,
    "tn": 5,
    "fn": 4,
    "precision": 0.5384615384615384,
    "recall": 0.9245283018867925,
    "f1_score": 0.6805555555555556,
    "correct": 54,
    "total": 100
  }
}